Id,Model,Price,Age_08_04,KM,HP,Doors,Cylinders,Gears,Weight
1,257,13500,23,46986,90,3,4,5,1165
2,257,13750,23,72937,90,3,4,5,1165
3,365,13950,24,41711,90,3,4,5,1165
4,257,14950,26,48000,90,3,4,5,1165
5,256,13750,30,38500,90,3,4,5,1170
6,256,12950,32,61000,90,3,4,5,1170
7,362,16900,27,94612,90,3,4,5,1245
8,251,18600,30,75889,90,3,4,5,1245
9,360,21500,27,19700,192,3,4,5,1185
10,357,12950,23,71138,69,3,4,5,1105
11,226,20950,25,31461,192,3,4,6,1185
12,224,19950,22,43610,192,3,4,6,1185
13,223,19600,25,32189,192,3,4,6,1185
14,223,21500,31,23000,192,3,4,6,1185
15,223,22500,32,34131,192,3,4,6,1185
16,223,22000,28,18739,192,3,4,6,1185
17,354,22750,30,34000,192,3,4,5,1185
18,350,17950,24,21716,110,3,4,5,1105
19,129,16750,24,25563,110,3,4,5,1065
20,97,16950,30,64359,110,3,4,5,1105
21,322,15950,30,67660,110,3,4,5,1105
22,96,16950,29,43905,110,3,4,5,1170
23,95,15950,28,56349,110,3,4,5,1120
24,321,16950,28,32220,110,3,4,5,1120
25,95,16250,29,25813,110,3,4,5,1120
26,95,15950,25,28450,110,3,4,5,1120
27,321,17495,27,34545,110,3,4,5,1120
28,95,15750,29,41415,110,3,4,5,1120
29,95,16950,28,44142,110,3,4,5,1120
30,95,17950,30,11090,110,3,4,5,1120
31,315,12950,29,9750,97,3,4,5,1100
32,52,15750,22,35199,97,3,4,5,1100
33,52,15950,27,29510,97,3,4,5,1100
34,304,14950,26,32692,97,3,4,5,1100
35,304,15500,22,41000,97,3,4,5,1100
36,52,15750,26,43000,97,3,4,5,1100
37,52,15950,25,25000,97,3,4,5,1100
38,51,14950,23,10000,97,3,4,5,1100
39,51,15750,32,25329,97,3,4,5,1100
40,303,14750,27,27500,97,3,4,5,1100
41,303,13950,22,49059,97,3,4,5,1100
42,50,16750,27,44068,97,3,4,5,1100
43,50,13950,22,46961,97,3,4,5,1100
44,254,16950,27,110404,90,5,4,5,1255
45,254,16950,22,100250,90,5,4,5,1255
46,363,19000,23,84000,90,5,4,5,1270
47,253,17950,27,79375,90,5,4,5,1255
48,57,15800,22,75048,97,5,4,5,1110
49,364,17950,22,72215,90,5,4,5,1255
50,225,21950,31,64982,192,5,4,6,1195
51,254,17950,22,62636,90,5,4,5,1255
52,307,15750,30,57086,97,5,4,5,1110
53,103,20500,26,56000,110,5,4,5,1180
54,227,21950,27,49866,192,5,4,5,1195
55,327,15500,25,49163,110,5,4,5,1165
56,335,13250,32,45725,110,5,4,5,1075
57,56,15250,28,43210,97,5,4,5,1110
58,57,15250,26,43000,97,5,4,5,1110
59,325,18950,23,39704,110,5,4,5,1180
60,324,15999,30,38950,110,5,4,5,1130
61,57,14950,22,37400,97,5,4,5,1110
62,324,16500,27,37177,110,5,4,5,1130
63,102,18750,31,36544,110,5,4,5,1130
64,102,17950,30,33511,110,5,4,5,1130
65,57,17950,27,32809,97,5,4,5,1110
66,192,16950,26,32181,110,5,4,5,1075
67,102,18950,28,30993,110,5,4,5,1130
68,57,14950,22,30400,97,5,4,5,1110
69,249,22250,22,30000,110,5,4,5,1275
70,56,15950,25,29719,97,5,4,5,1110
71,307,15950,28,29206,97,5,4,5,1110
72,62,12995,32,29198,97,5,4,5,1060
73,324,18950,28,28817,110,5,4,5,1130
74,305,15750,23,28227,97,5,4,5,1110
75,324,19950,28,28000,110,5,4,5,1130
76,106,16950,23,28000,110,5,4,5,1115
77,102,18750,31,25266,110,5,4,5,1130
78,105,18450,27,23489,110,5,4,5,1115
79,105,16895,29,22575,110,5,4,5,1115
80,56,14900,30,22000,97,5,4,5,1110
81,142,18950,25,20019,110,5,4,5,1180
82,105,17250,29,20000,110,5,4,5,1115
83,305,15450,25,17003,97,5,4,5,1110
84,103,17950,31,16238,110,5,4,5,1180
85,308,16650,25,15414,97,5,4,5,1110
86,102,17450,28,8537,110,5,4,5,1130
87,314,14900,30,7000,97,5,4,5,1100
88,252,17950,20,66966,90,3,4,5,1245
89,52,15950,19,51884,97,3,4,5,1100
90,247,21950,19,50005,110,3,4,5,1265
91,52,16450,20,48110,97,3,4,5,1100
92,361,22250,20,37500,90,3,4,5,1260
93,243,19950,16,34472,90,3,4,5,1260
94,52,15950,20,33329,97,3,4,5,1100
95,137,18900,20,31850,110,3,4,5,1120
96,259,19950,17,30351,90,3,4,5,1260
97,304,15950,19,29435,97,3,4,5,1100
98,52,15950,19,25948,97,3,4,5,1100
99,95,18750,11,24500,110,3,4,5,1120
100,52,17450,18,23902,97,3,4,5,1100
101,321,18990,20,23175,110,3,4,5,1120
102,304,16250,19,19200,97,3,4,5,1100
103,69,18500,13,18000,71,3,4,5,1125
104,99,18500,11,16123,110,3,4,5,1105
105,98,19450,11,14635,110,3,4,5,1155
106,304,16950,19,13748,97,3,4,5,1100
107,349,18800,14,11500,110,3,4,5,1045
108,50,17450,17,10000,97,3,4,5,1100
109,323,17950,20,7187,110,3,4,5,1105
111,371,32500,4,1,116,5,4,5,1480
112,298,31000,4,4000,116,5,4,5,1480
113,298,31275,4,1500,116,5,4,5,1480
114,370,24950,8,13253,116,5,4,5,1320
115,297,24950,8,13253,116,5,4,5,1320
116,250,22950,7,10000,116,5,4,5,1270
117,255,24990,8,6000,90,5,4,5,1280
118,363,21950,8,10841,90,5,4,5,1270
119,99,17900,7,1,110,3,4,5,1105
120,254,19250,20,63000,90,5,4,5,1255
121,248,22250,17,57313,110,5,4,5,1275
122,106,18950,13,57037,110,5,4,5,1115
123,366,19950,19,51099,90,5,4,5,1255
124,326,16350,14,40010,110,5,4,5,1115
125,102,18950,20,39115,110,5,4,5,1130
126,102,16950,17,36012,110,5,4,5,1130
127,100,21750,16,36000,110,5,4,5,1130
128,195,15950,20,36000,110,5,4,5,1075
129,57,16500,20,35000,97,5,4,5,1110
130,55,17950,17,33740,97,5,4,5,1135
131,210,15850,13,33477,110,5,4,5,1075
132,57,16250,20,32627,97,5,4,5,1110
133,308,15950,20,29797,97,5,4,5,1110
134,57,16250,19,29441,97,5,4,5,1110
135,2,15950,13,29371,110,4,4,5,1105
136,308,16500,20,29000,97,5,4,5,1110
137,57,16500,19,27821,97,5,4,5,1110
138,55,18450,19,27371,97,5,4,5,1135
139,353,16250,13,25170,110,5,4,5,1105
140,295,23000,11,25000,116,5,4,5,1320
141,219,19900,20,23000,110,5,4,5,1130
142,57,16450,20,22588,97,5,4,5,1110
143,355,23950,19,21684,192,5,4,5,1185
144,324,19950,13,21428,110,5,4,5,1130
145,123,18500,16,20629,110,4,4,5,1090
146,102,18950,15,20270,110,5,4,5,1130
147,307,16450,16,20105,97,5,4,5,1110
148,328,20500,20,20000,110,5,4,5,1165
149,101,24500,13,19988,110,5,4,5,1130
150,102,19450,19,18328,110,5,4,5,1130
151,119,20950,14,17896,110,4,4,5,1150
152,308,17200,20,17300,97,5,4,5,1110
153,104,19950,19,17038,110,5,4,5,1130
154,54,18450,10,13747,97,5,4,5,1110
155,329,19500,12,13634,110,5,4,5,1115
156,100,21750,13,13178,110,5,4,5,1130
157,63,16868,15,13157,97,4,4,5,1085
158,118,19500,16,13000,110,4,4,5,1105
159,106,18900,11,12500,110,5,4,5,1115
160,102,19750,17,11999,110,5,4,5,1130
161,103,19750,16,11754,110,5,4,5,1180
162,118,18950,16,11000,110,4,4,5,1105
163,342,20750,17,10000,110,5,4,5,1105
164,106,19600,9,7650,110,5,4,5,1115
165,139,19500,14,6500,110,4,4,5,1100
166,57,17650,11,6155,97,5,4,5,1110
167,102,19950,14,6000,110,5,4,5,1130
168,100,19950,14,5459,110,5,4,5,1130
169,120,20950,14,5278,110,4,4,5,1150
170,102,20500,12,5000,110,5,4,5,1130
171,74,17795,9,1,98,4,4,5,1065
172,214,18245,9,1,110,5,4,5,1075
173,213,23750,8,11000,110,5,4,5,1130
174,53,19500,8,10077,97,5,4,5,1110
175,306,18950,8,10000,97,5,4,5,1110
176,102,21950,8,9788,110,5,4,5,1130
177,102,19950,8,8574,110,5,4,5,1130
178,106,18950,8,7000,110,5,4,5,1115
179,105,19950,7,6250,110,5,4,5,1115
180,102,21950,8,5000,110,5,4,5,1130
181,100,22500,6,3000,110,5,4,5,1130
182,193,18500,7,2000,110,5,4,5,1075
183,57,18700,7,450,97,5,4,5,1110
184,49,21125,2,225,97,5,4,5,1110
185,102,21500,2,15,110,5,4,5,1130
186,316,17795,1,1,98,4,4,5,1100
187,215,18245,1,1,110,5,4,5,1075
188,230,6950,43,243000,69,3,4,5,1110
189,260,9500,38,180638,90,4,4,5,1160
190,258,11950,40,179860,90,5,4,5,1205
191,111,7750,43,178858,110,3,4,5,1084
192,231,11950,40,161000,69,3,4,5,1105
193,229,4350,44,158320,69,5,4,5,1110
194,228,4750,44,131273,69,5,4,5,1110
195,235,11750,40,130062,69,5,4,5,1140
196,239,13250,41,123425,69,5,4,5,1140
197,113,11950,37,118217,110,5,4,5,1075
198,238,11900,44,110000,69,5,4,5,1095
199,258,14750,39,108847,90,5,4,5,1205
200,59,9950,42,105699,97,3,4,5,1025
201,117,11950,39,98823,110,5,4,5,1119
202,117,11495,44,96829,110,5,4,5,1075
203,73,11250,40,96518,97,3,4,5,1025
204,113,10500,42,92204,110,5,4,5,1075
205,230,10450,35,91456,69,3,4,5,1110
206,242,12950,43,89968,69,5,4,5,1140
207,109,11500,44,89757,110,3,4,5,1045
208,117,12500,40,85389,110,5,4,5,1075
209,62,10950,43,85017,97,5,4,5,1060
210,115,11450,41,84312,110,5,4,5,1080
211,115,11950,37,82743,110,5,4,5,1121
212,239,13250,41,81106,69,5,4,5,1140
213,258,14750,40,80425,90,5,4,5,1205
214,114,11790,34,78677,110,5,4,5,1105
215,117,11450,40,78425,110,5,4,5,1075
216,256,13500,33,78108,90,3,4,5,1170
217,113,10950,33,77321,110,5,4,5,1075
218,231,13500,33,75699,69,3,4,5,1105
219,59,10950,41,75697,97,3,4,5,1025
220,59,10950,44,74846,97,3,4,5,1025
221,113,12950,38,74319,110,5,4,5,1075
222,190,11950,43,74285,110,5,4,5,1075
223,152,12450,44,74172,110,5,4,5,1615
224,113,11950,40,73042,110,5,4,5,1075
225,121,14950,44,71793,110,4,4,5,1067
226,117,12450,35,71200,110,5,4,5,1075
227,124,12950,38,67805,110,5,4,5,1075
228,111,11950,35,65988,110,3,4,5,1040
229,60,11690,34,65345,97,5,4,5,1060
230,115,12450,42,64564,110,5,4,5,1080
231,60,12750,36,63459,97,5,4,5,1060
232,59,11925,44,63451,97,3,4,5,1025
233,291,12950,33,62000,110,5,4,5,1075
234,58,11950,42,61300,97,3,4,5,1030
235,109,12900,41,61200,110,3,4,5,1045
236,117,11900,41,61000,110,5,4,5,1075
237,117,11650,38,60829,110,5,4,5,1075
238,199,10950,44,60500,110,5,4,5,1075
239,232,13950,35,59500,69,3,4,5,1110
240,116,13950,44,59000,110,5,4,5,1110
241,195,11950,40,58954,110,5,4,5,1080
242,117,10950,38,58798,110,5,4,5,1075
243,107,12450,38,58363,110,3,4,5,1055
244,109,11950,43,58277,110,3,4,5,1045
245,257,13500,33,57711,90,3,4,5,1165
246,113,11690,33,57269,110,5,4,5,1075
247,113,13500,39,56001,110,5,4,5,1075
248,81,11950,42,55968,110,3,4,5,1050
249,121,12900,39,55678,110,4,4,5,1030
250,128,13500,43,55539,110,5,4,5,1085
251,146,11750,42,55400,110,5,4,5,1075
252,117,11750,33,55350,110,5,4,5,1075
253,121,10850,43,54600,110,4,4,5,1030
254,117,11750,43,53773,110,5,4,5,1075
255,114,14950,42,53719,110,5,4,5,1105
256,188,9940,39,53644,110,5,4,5,1075
257,212,12900,42,53350,110,5,4,5,1075
258,218,13500,38,53000,110,5,4,5,1075
259,59,11750,44,52084,97,3,4,5,1025
260,59,11950,44,52000,97,3,4,5,1025
261,113,13450,33,51945,110,5,4,5,1075
262,59,11950,41,51732,97,3,4,5,1025
263,125,12495,39,50873,110,5,4,5,1075
264,181,13500,41,50856,110,4,4,5,1030
265,117,12750,40,50640,110,5,4,5,1075
266,60,12000,39,50000,97,5,4,5,1060
267,113,11950,38,49500,110,5,4,5,1075
268,115,12495,44,49332,110,5,4,5,1080
269,111,12450,34,49291,110,3,4,5,1040
270,258,14750,40,48952,90,5,4,5,1205
271,111,10950,39,48945,110,3,4,5,1040
272,231,13500,33,48928,69,3,4,5,1105
273,125,12950,38,48197,110,5,4,5,1075
274,231,13500,35,48052,69,3,4,5,1105
275,121,13450,34,48011,110,4,4,5,1030
276,190,13500,43,48000,110,5,4,5,1075
277,125,11480,41,47350,110,5,4,5,1075
278,60,13450,39,46821,97,5,4,5,1060
279,111,11495,39,46694,110,3,4,5,1040
280,71,12750,43,46515,97,5,4,5,1025
281,107,14990,38,46327,110,3,4,5,1055
282,60,12950,35,46304,97,5,4,5,1060
283,115,12950,40,45886,110,5,4,5,1080
284,66,12850,39,45713,97,5,4,5,1085
285,114,13950,40,45600,110,5,4,5,1105
286,117,11950,41,45287,110,5,4,5,1075
287,113,12950,39,45081,110,5,4,5,1075
288,117,11700,40,44830,110,5,4,5,1075
289,59,9950,37,44757,97,3,4,5,1025
290,62,11895,44,44218,97,5,4,5,1060
291,124,12950,43,43632,110,5,4,5,1075
292,111,12500,36,43427,110,3,4,5,1040
293,113,13875,39,43254,110,5,4,5,1075
294,81,10500,35,43000,110,3,4,5,1050
295,113,12295,33,42823,110,5,4,5,1075
296,115,13950,42,42560,110,5,4,5,1080
297,111,10950,38,41754,110,3,4,5,1040
298,117,12950,44,41499,110,5,4,5,1103
299,115,12850,40,41339,110,5,4,5,1080
300,113,13995,35,41000,110,5,4,5,1075
301,107,13750,39,40000,110,3,4,5,1055
302,117,12750,37,39757,110,5,4,5,1075
303,109,12500,41,39659,110,3,4,5,1045
304,107,13950,43,39650,110,3,4,5,1055
305,59,11500,39,39524,97,3,4,5,1025
306,62,13950,44,39516,97,5,4,5,1060
307,62,11895,41,39439,97,5,4,5,1060
308,59,9950,44,39000,97,3,4,5,1025
309,138,13500,42,38932,110,3,4,5,1040
310,59,11450,37,38812,97,3,4,5,1025
311,113,12450,42,38665,110,5,4,5,1075
312,115,12950,40,38653,110,5,4,5,1080
313,115,13995,44,38461,110,5,4,5,1080
314,59,11750,42,38078,97,3,4,5,1025
315,60,11650,39,37782,97,5,4,5,1060
316,58,9950,43,37576,97,3,4,5,1030
317,113,13950,41,37533,110,5,4,5,1075
318,115,12950,44,37389,110,5,4,5,1080
319,59,10950,38,37320,97,3,4,5,1025
320,59,9900,42,37000,97,3,4,5,1025
321,186,11950,44,37000,110,4,4,5,1075
322,108,11990,40,36566,110,5,4,5,1090
323,113,10750,36,36269,110,5,4,5,1075
324,204,13950,37,36074,110,5,4,5,1075
325,111,11250,44,36066,110,3,4,5,1040
326,113,12950,39,34599,110,5,4,5,1075
327,117,11950,41,34000,110,5,4,5,1075
328,59,10950,42,33623,97,3,4,5,1025
329,113,12950,33,33591,110,5,4,5,1075
330,113,12950,35,33258,110,5,4,5,1075
331,117,11695,43,33113,110,5,4,5,1075
332,222,11000,41,33000,110,5,4,6,1075
333,336,13950,35,32941,110,5,4,5,1080
334,117,11950,38,32781,110,5,4,5,1075
335,111,11750,40,32532,110,3,4,5,1040
336,60,12400,34,32431,97,5,4,5,1060
337,111,12500,35,32000,110,3,4,5,1040
339,217,12900,33,31000,110,5,4,5,1075
340,109,12200,41,30989,110,3,4,5,1045
341,111,12750,43,30742,110,3,4,5,1040
342,117,11950,42,30190,110,5,4,5,1075
343,293,11900,41,29716,116,5,4,5,1075
344,112,11950,44,29716,110,3,4,5,1070
345,107,14950,42,29640,110,3,4,5,1055
346,311,11950,41,29056,97,5,4,5,1060
347,117,12950,33,28715,110,5,4,5,1075
348,331,14950,41,28571,110,5,4,5,1090
349,111,13450,40,28362,110,3,4,5,1040
350,113,13750,38,28150,110,5,4,5,1075
351,111,12950,43,27301,110,3,4,5,1040
352,347,12750,33,27240,110,5,4,5,1075
353,62,11895,39,27170,97,5,4,5,1060
354,313,9950,42,27141,97,5,4,5,1060
355,117,12450,38,26262,110,5,4,5,1075
356,60,12500,38,26000,97,5,4,5,1060
357,109,14950,43,25228,110,3,4,5,1045
358,336,13750,39,25062,110,5,4,5,1080
359,122,12695,39,24723,110,4,4,5,1060
360,107,14990,33,24650,110,3,4,5,1055
361,336,12750,43,24553,110,5,4,5,1080
362,352,14350,41,24475,110,5,4,5,1030
363,111,12950,39,24444,110,3,4,5,1040
364,59,11500,35,24011,97,3,4,5,1025
365,59,11950,41,24000,97,3,4,5,1025
366,113,13450,40,23616,110,5,4,5,1075
367,113,12900,38,22865,110,5,4,5,1075
368,15,10500,41,22780,86,5,4,5,1035
369,59,10950,35,21904,97,3,4,5,1025
370,59,11950,41,21651,97,3,4,5,1025
371,198,11450,37,21500,110,5,4,5,1030
372,336,13250,44,21027,110,5,4,5,1080
373,121,10250,39,18500,110,4,4,5,1030
374,117,13995,35,18000,110,5,4,5,1075
375,62,11950,40,17051,97,5,4,5,1060
376,66,13250,33,16512,97,5,4,5,1085
377,115,12950,40,16325,110,5,4,5,1080
378,60,11750,38,16000,97,5,4,5,1060
379,179,11500,39,12000,110,5,4,5,1075
380,72,13500,43,10000,97,5,4,5,1060
381,356,6500,53,216000,69,3,4,5,1110
382,237,6400,51,198167,69,4,4,5,1095
383,231,7000,53,176000,69,3,4,5,1105
384,266,7750,54,174139,72,4,4,5,1100
385,238,8900,45,174000,69,5,4,5,1095
386,203,8500,55,150000,110,3,4,5,1075
387,265,8950,54,149329,72,5,4,5,1135
388,115,9900,51,146736,110,5,4,5,1080
389,234,10250,53,143513,69,5,4,5,1140
390,117,9250,48,142130,110,5,4,5,1119
391,240,7750,48,140700,69,5,4,5,1110
392,359,9450,54,138394,69,4,4,5,1095
393,265,7750,55,137000,72,5,4,5,1135
394,239,8250,52,135258,69,5,4,5,1140
395,125,9950,49,131364,110,5,4,5,1075
396,229,4450,56,129155,69,5,4,5,1110
397,330,9950,50,126110,110,3,4,5,1055
398,115,9000,48,119742,110,5,4,5,1080
399,233,9950,53,117913,69,5,4,5,1110
400,257,12450,47,117430,90,3,4,5,1165
401,121,10500,55,117175,110,4,4,5,1035
402,121,10750,54,115558,110,4,4,5,1035
403,59,8950,53,115113,97,3,4,5,1025
404,235,10500,54,115046,69,5,4,5,1140
405,274,5150,56,113997,72,5,4,5,1135
406,62,10950,49,107859,97,5,4,5,1060
407,59,9450,52,104805,97,3,4,5,1025
408,85,9950,54,103454,110,5,4,5,1075
409,239,10950,51,103018,69,5,4,5,1140
410,115,11900,47,102352,110,5,4,5,1080
411,62,9950,50,102030,97,5,4,5,1060
412,115,11950,54,101352,110,5,4,5,1080
413,136,7900,50,99865,110,4,4,5,1035
414,330,10950,52,99323,110,3,4,5,1055
415,235,8950,48,98100,69,5,4,5,1140
416,340,11950,51,98040,110,5,4,5,1080
417,156,10900,49,97600,110,3,4,5,1045
418,336,9950,55,97234,110,5,4,5,1080
419,367,9950,51,96135,72,3,4,5,1115
420,115,10950,54,96100,110,5,4,5,1080
421,367,8950,55,94401,72,3,4,5,1115
422,300,8950,55,94122,86,3,4,5,1015
423,107,10500,49,91340,110,3,4,5,1055
424,59,8950,53,90200,97,3,4,5,1025
425,235,9250,53,90097,69,5,4,5,1140
426,368,11500,48,89049,97,5,4,5,1060
427,340,9750,52,89000,110,5,4,5,1075
428,333,9950,45,87274,110,3,4,5,1040
429,332,11450,49,86221,110,3,4,5,1045
430,194,12500,54,84598,110,5,4,5,1075
431,117,10500,50,83567,110,5,4,5,1075
432,125,12950,50,83106,110,5,4,5,1075
433,333,12200,50,82805,110,3,4,5,1040
434,58,10950,50,82735,97,3,4,5,1030
435,344,10950,54,81905,110,5,4,5,1105
436,112,11290,49,80320,110,3,4,5,1070
437,68,10750,49,80090,97,3,4,5,1030
438,117,10895,53,79800,110,5,4,5,1075
439,337,11500,47,78785,110,5,4,5,1119
440,337,9750,48,78600,110,5,4,5,1075
441,111,10250,55,77780,110,3,4,5,1040
442,121,12500,49,77648,110,4,4,5,1030
443,338,11950,54,77270,110,4,4,5,1035
444,62,10750,50,76167,97,5,4,5,1060
445,338,11450,46,75249,110,4,4,5,1035
446,115,11950,54,75231,110,5,4,5,1080
447,143,11750,48,75045,110,3,4,6,1055
448,339,10950,50,74849,110,4,4,5,1060
449,336,11950,55,74715,110,5,4,5,1080
450,357,10995,49,74656,69,3,4,5,1105
451,59,11450,56,74500,97,3,4,5,1025
452,337,8900,49,74494,110,5,4,5,1075
453,141,10500,50,73634,110,5,4,5,1075
454,117,11750,47,73403,110,5,4,5,1075
455,309,11450,49,73175,97,3,4,5,1030
456,107,12000,52,73000,110,3,4,5,1055
457,112,11950,50,72242,110,3,4,5,1070
458,310,9850,53,72000,97,3,4,5,1025
459,338,10950,54,71725,110,4,4,5,1035
460,115,10950,54,71276,110,5,4,5,1080
461,236,8695,50,70440,69,3,4,5,1105
462,111,10990,53,70239,110,3,4,5,1040
463,59,9500,55,69813,97,3,4,5,1025
464,299,11950,49,69659,86,3,4,6,1025
465,61,10750,46,69574,97,5,4,5,1065
466,358,8750,47,69000,69,5,4,5,1140
467,121,8750,49,68565,110,4,4,5,1030
468,263,11450,55,68520,72,3,4,5,1115
469,59,9950,46,68414,97,3,4,5,1025
470,126,11950,56,66777,110,5,4,5,1090
471,340,13950,52,66527,110,5,4,5,1080
472,331,11250,54,66063,110,5,4,5,1090
473,62,10900,50,65471,97,5,4,5,1060
474,59,9750,56,65400,97,3,4,5,1025
475,59,9950,52,65170,97,3,4,5,1025
476,208,11950,56,65000,110,5,4,5,1075
477,111,10450,48,64193,110,3,4,5,1040
478,59,8950,54,64000,97,3,4,5,1025
479,117,10250,54,63792,110,5,4,5,1075
480,121,9930,53,63635,110,4,4,5,1035
481,317,10500,54,63135,110,3,4,5,1050
482,185,11950,54,63123,110,4,4,5,1035
483,241,11500,48,63000,69,5,4,5,1140
484,185,11500,55,63000,110,4,4,5,1035
485,115,11450,54,62987,110,5,4,5,1080
486,317,9900,56,62751,110,3,4,5,1050
487,59,9500,54,62519,97,3,4,5,1025
488,313,10500,50,62280,97,5,4,5,1060
489,351,10750,50,61672,110,5,4,5,1075
490,292,8950,54,61000,69,5,4,5,1140
491,318,12000,56,61000,110,3,4,5,1050
492,1,9940,53,60558,110,4,4,5,1105
493,338,10950,47,60348,110,4,4,5,1030
494,337,10750,54,60239,110,5,4,5,1075
495,315,9799,51,59000,97,3,4,5,1025
496,67,11750,51,58761,97,5,4,5,1060
497,121,11950,54,58745,110,4,4,5,1035
498,109,11250,52,58596,110,3,4,5,1045
499,319,11750,54,58530,110,5,4,5,1075
500,83,10950,55,58377,110,3,4,5,1050
501,336,11250,56,58142,110,5,4,5,1080
502,59,9950,53,57948,97,3,4,5,1025
503,115,9700,51,57645,110,5,4,5,1080
504,345,11950,47,57500,110,4,4,5,1105
505,333,9900,53,57475,110,3,4,5,1040
506,109,9990,55,56743,110,3,4,5,1045
507,310,9475,48,56675,97,3,4,5,1025
508,117,11500,54,55877,110,5,4,5,1075
509,197,11950,53,55500,110,4,4,5,1035
510,313,11500,55,54900,97,5,4,5,1060
511,117,10500,50,54465,110,5,4,5,1075
512,313,10900,46,53700,97,5,4,5,1060
513,313,11700,52,53561,97,5,4,5,1060
514,131,11900,51,53408,110,5,4,5,1080
515,340,13950,51,53268,110,5,4,5,1080
516,310,10950,49,53116,97,3,4,5,1025
517,59,10500,56,52448,97,3,4,5,1025
518,64,10750,55,52149,97,3,4,5,1085
519,87,11950,55,52141,110,5,4,5,1070
520,59,10000,56,52000,97,3,4,5,1025
521,313,10495,48,50967,97,5,4,5,1060
522,115,11450,50,50400,110,5,4,5,1080
523,310,9400,54,50000,97,3,4,5,1025
524,27,11950,51,50000,86,5,4,5,1045
525,117,9650,53,49969,110,5,4,5,1075
526,343,18950,49,49568,110,3,4,5,1105
527,330,11450,51,49473,110,3,4,5,1055
528,81,10250,52,49432,110,3,4,5,1050
529,109,11450,48,49417,110,3,4,5,1045
530,59,9950,54,49366,97,3,4,5,1025
531,330,10500,56,48731,110,3,4,5,1055
532,115,13750,54,48370,110,5,4,5,1080
533,59,9950,48,48071,97,3,4,5,1025
534,121,10250,54,47852,110,4,4,5,1030
535,330,10850,54,47768,110,3,4,5,1055
536,340,11895,52,47689,110,5,4,5,1075
537,107,12950,53,47451,110,3,4,5,1055
538,115,11950,50,47219,110,5,4,5,1080
539,320,10750,56,47211,110,5,4,5,1070
540,313,9550,54,46856,97,5,4,5,1060
541,302,10950,56,46500,86,5,4,5,1035
542,121,11750,52,46449,110,4,4,5,1035
543,369,10950,47,46391,110,5,4,5,1075
544,107,12450,54,46230,110,3,4,5,1055
545,338,10500,52,46029,110,4,4,5,1030
546,310,10900,50,46000,97,3,4,5,1025
547,340,12950,50,45900,110,5,4,5,1075
548,62,10950,47,45850,97,5,4,5,1060
549,115,12500,56,45336,110,5,4,5,1080
550,310,9950,55,44537,97,3,4,5,1025
551,5,10750,56,43700,86,3,4,5,1025
552,309,12500,48,43120,97,3,4,5,1030
554,158,10450,49,41710,110,3,4,5,1040
555,59,10750,52,41700,97,3,4,5,1025
556,348,12950,49,41636,110,5,4,5,1105
557,62,10995,50,41273,97,5,4,5,1060
558,110,11950,49,40836,110,3,4,5,1075
559,62,11250,50,40400,97,5,4,5,1060
560,108,11950,47,40361,110,5,4,5,1090
561,13,13750,54,40325,86,5,4,5,1045
562,336,11000,47,40000,110,5,4,5,1080
563,115,13500,50,39706,110,5,4,5,1080
564,333,10950,54,39291,110,3,4,5,1040
565,310,10750,54,39000,97,3,4,5,1025
566,59,8950,47,38900,97,3,4,5,1025
567,107,12950,51,38403,110,3,4,5,1055
568,310,9750,56,37461,97,3,4,5,1025
569,59,10900,54,37000,97,3,4,5,1025
570,338,10995,55,36406,110,4,4,5,1035
571,61,10750,48,36005,97,5,4,5,1065
572,337,10950,52,36000,110,5,4,5,1075
573,115,13000,49,36000,110,5,4,5,1080
574,334,12950,45,36000,110,3,4,5,1070
575,117,11500,52,35823,110,5,4,5,1075
576,310,10950,56,35230,97,3,4,5,1025
577,79,11710,48,35142,110,3,4,5,1055
578,59,9980,49,34890,97,3,4,5,1025
579,125,12250,51,34882,110,5,4,5,1075
580,337,11500,46,34000,110,5,4,5,1075
581,132,11950,56,33998,110,5,4,5,1080
582,81,11500,55,33230,110,3,4,5,1050
583,115,11900,46,33021,110,5,4,5,1080
584,309,11930,49,31999,97,3,4,5,1030
585,59,10500,52,31579,97,3,4,5,1025
586,65,8950,56,31000,97,3,4,5,1025
587,62,10450,46,30806,97,5,4,5,1060
588,301,10500,55,30461,86,5,4,5,1050
589,110,12950,50,29686,110,3,4,5,1075
590,299,9950,55,29650,86,3,4,6,1025
591,330,12900,52,29500,110,3,4,5,1055
592,64,9950,48,28656,97,3,4,5,1085
593,59,9950,55,27500,97,3,4,5,1025
594,333,10950,48,26938,110,3,4,5,1040
595,62,10950,53,26624,97,5,4,5,1060
596,310,9950,47,26221,97,3,4,5,1025
597,285,10950,50,22648,97,5,4,5,1060
598,59,10800,50,22500,97,3,4,5,1025
599,310,10500,56,19313,97,3,4,5,1025
600,346,10450,50,17619,110,4,4,5,1030
601,310,10600,51,17069,97,3,4,5,1025
602,59,10450,48,15000,97,3,4,5,1025
603,312,12950,50,10210,97,5,4,5,1065
604,112,11250,47,5309,110,3,4,5,1070
605,273,7500,50,1,90,3,4,5,1260
606,70,8950,52,31000,97,3,4,5,1025
607,266,6950,58,205000,72,4,4,5,1100
608,263,7900,68,204250,72,3,4,5,1115
609,21,5950,68,194545,86,4,4,5,1000
610,263,7500,59,190900,72,3,4,5,1115
611,264,7500,62,183500,72,5,4,5,1140
612,263,6900,65,176184,72,3,4,5,1115
613,266,5751,67,174833,72,4,4,5,1100
614,8,6950,68,155720,86,3,4,5,1015
615,175,7950,67,155500,110,5,4,5,1050
616,262,7750,59,154783,72,3,4,5,1120
617,265,7950,64,154462,72,5,4,5,1135
618,76,8250,64,150585,110,3,4,6,1065
619,279,6250,67,149000,90,5,4,5,1135
620,265,9500,62,147636,72,5,4,5,1135
621,277,6900,59,144521,72,5,4,5,1135
622,75,8450,64,144000,110,3,4,6,1065
623,263,7350,65,140168,72,3,4,5,1115
624,128,8950,68,140000,110,5,4,5,1085
625,263,6900,60,139800,72,3,4,5,1115
626,81,8950,59,137050,110,3,4,5,1078
627,76,8750,61,136956,110,3,4,6,1065
628,85,7950,67,135337,110,5,4,5,1120
629,262,8950,64,133769,72,3,4,5,1120
630,265,8950,58,133405,72,5,4,5,1135
631,265,8950,65,132807,72,5,4,5,1135
632,265,7950,64,132393,72,5,4,5,1135
633,83,7750,60,130270,110,3,4,5,1050
634,278,7500,59,130000,72,4,4,5,1135
635,265,8950,67,127000,72,5,4,5,1135
636,265,9800,67,126800,72,5,4,5,1135
637,128,9450,66,126452,110,5,4,5,1085
638,296,8950,62,125175,116,5,4,5,1150
639,263,8750,68,125000,72,3,4,5,1115
640,265,10500,61,123000,72,5,4,5,1135
641,24,7995,59,121626,86,5,4,5,1050
642,126,10450,64,120400,110,5,4,5,1090
643,266,9950,66,120000,72,4,4,5,1100
644,79,9950,68,119541,110,3,4,5,1055
645,196,8950,68,119500,110,5,4,5,1070
646,93,7950,68,119289,110,4,4,5,1035
647,76,10950,57,118833,110,3,4,6,1065
648,268,9950,64,118000,72,5,4,5,1150
649,94,8600,68,117955,110,4,4,5,1065
650,8,7250,65,117609,86,3,4,5,1015
651,263,6950,68,117000,72,3,4,5,1115
652,13,8000,64,116000,86,5,4,5,1045
653,87,9950,58,115715,110,5,4,5,1070
654,93,9450,60,115191,110,4,4,5,1079
655,79,7950,68,115071,110,3,4,5,1055
656,144,9450,63,115000,110,3,4,5,1109
657,85,9950,64,114846,110,5,4,5,1075
658,244,6950,65,114383,90,3,4,5,1260
659,133,8250,59,113700,110,5,4,5,1065
660,6,9950,67,113118,86,3,4,5,1020
661,14,8250,59,112827,86,5,4,5,1040
662,87,9950,68,112116,110,5,4,5,1070
663,77,10500,66,112000,110,3,4,6,1065
664,271,7950,62,112000,72,4,4,5,1135
665,76,9750,65,111769,110,3,4,6,1065
666,87,9250,61,110853,110,5,4,5,1070
667,169,9500,68,110287,110,3,4,5,1050
668,85,9950,62,109547,110,5,4,5,1075
669,81,7750,63,109230,110,3,4,5,1050
670,85,9500,68,109150,110,5,4,5,1075
671,93,9950,67,108793,110,4,4,5,1035
672,151,9750,64,106784,110,3,4,5,1050
673,14,9750,58,105942,86,5,4,5,1040
674,17,5950,59,105000,86,3,4,5,1015
675,13,8500,62,105000,86,5,4,5,1040
676,128,8495,68,104299,110,5,4,5,1085
677,6,9250,67,104000,86,3,4,5,1020
678,35,6900,68,104000,86,3,4,5,1015
679,5,8950,58,103458,86,3,4,5,1025
680,85,9500,63,103400,110,5,4,5,1075
681,23,9250,63,102807,86,5,4,5,1055
682,126,9895,68,102494,110,5,4,5,1090
683,269,9950,57,102300,72,5,4,5,1135
684,81,7950,61,102106,110,3,4,5,1050
685,85,8750,68,101889,110,5,4,5,1075
686,263,8250,57,101791,72,3,4,5,1115
687,76,8950,63,101469,110,3,4,6,1065
688,85,8950,68,101001,110,5,4,5,1075
689,87,8950,61,100748,110,5,4,5,1070
690,85,8950,65,100550,110,5,4,5,1075
691,128,9450,67,99781,110,5,4,5,1085
692,6,8950,59,98658,86,3,4,5,1020
693,85,9250,65,98500,110,5,4,5,1075
694,42,8750,64,98291,86,4,4,5,1000
695,76,9950,61,97648,110,3,4,6,1065
696,85,9950,61,97425,110,5,4,5,1075
697,8,9900,65,97173,86,3,4,5,1015
698,21,8950,66,97046,86,4,4,5,1000
699,81,8950,67,96000,110,3,4,5,1050
700,266,12250,60,96000,72,4,4,5,1100
701,179,9250,67,95750,110,5,4,5,1070
702,154,10250,61,95147,110,3,4,5,1050
703,81,8950,68,95000,110,3,4,5,1050
704,211,7999,65,95000,110,3,4,5,1050
705,145,9900,66,94606,110,3,4,5,1065
706,21,8250,63,94504,86,4,4,5,1000
707,85,10500,65,93428,110,5,4,5,1075
708,8,8450,65,93408,86,3,4,5,1015
709,126,9900,68,93296,110,5,4,5,1090
710,85,10500,62,93098,110,5,4,5,1075
711,266,8500,67,92922,72,4,4,5,1100
712,81,9500,61,92498,110,3,4,5,1050
713,77,9450,65,92226,110,3,4,6,1065
714,263,9900,68,91505,72,3,4,5,1115
715,81,8250,64,91333,110,3,4,5,1050
716,8,8750,65,91246,86,3,4,5,1015
717,85,9500,58,91000,110,5,4,5,1075
718,81,8450,68,90727,110,3,4,5,1050
719,81,8490,62,90000,110,3,4,5,1050
720,181,8750,60,89576,110,4,4,5,1035
721,5,9750,64,89145,86,3,4,5,1025
722,172,9950,63,89000,110,5,4,5,1085
723,81,8500,68,88807,110,3,4,5,1050
724,87,8450,63,88685,110,5,4,5,1070
725,91,7900,62,88667,110,4,4,5,1040
726,81,8750,57,88480,110,3,4,5,1050
727,8,7950,61,88127,86,3,4,5,1015
728,6,6900,62,88000,86,3,4,5,1020
729,8,8150,65,87821,86,3,4,5,1015
730,16,10995,59,87654,86,5,4,5,1065
731,81,8900,59,86888,110,3,4,5,1050
732,14,9500,59,86871,86,5,4,5,1040
733,93,8950,68,86714,110,4,4,5,1035
734,143,11500,65,85889,110,3,4,6,1065
735,189,10450,62,85000,110,3,4,5,1050
736,5,10500,60,85000,86,3,4,5,1025
737,93,9250,68,84976,110,4,4,5,1035
738,341,10950,65,84558,110,5,4,5,1120
739,85,10450,62,84549,110,5,4,5,1075
740,85,9250,68,84482,110,5,4,5,1075
741,87,8750,62,83908,110,5,4,5,1070
742,8,8750,67,83560,86,3,4,5,1015
743,88,9800,68,83000,107,5,4,5,1100
744,8,8250,64,82723,86,3,4,5,1015
745,77,10450,62,82421,110,3,4,6,1065
746,141,9750,58,82254,110,5,4,5,1050
747,294,8950,61,82115,110,3,4,5,1055
748,8,7450,65,82000,86,3,4,5,1015
749,15,8450,68,81965,86,5,4,5,1035
750,153,8250,66,81250,110,3,4,5,1050
751,77,10950,65,81192,110,3,4,6,1065
752,91,8950,61,81170,110,4,4,5,1040
753,8,8750,66,81083,86,3,4,5,1015
754,201,10450,61,80714,110,5,4,5,1075
755,128,10950,57,80470,110,5,4,5,1085
756,93,8450,65,80439,110,4,4,5,1035
757,76,9950,59,80430,110,3,4,6,1065
758,79,9950,68,80426,110,3,4,5,1055
759,8,8750,62,80265,86,3,4,5,1015
760,87,9950,65,80153,110,5,4,5,1070
761,87,9500,68,80121,110,5,4,5,1070
762,93,8250,65,80086,110,4,4,5,1035
763,85,10950,62,80000,110,5,4,5,1075
764,34,7950,60,80000,86,5,4,5,1015
765,28,8250,65,80000,86,2,4,5,1015
766,91,9895,67,79858,110,4,4,5,1040
767,8,9130,67,79762,86,3,4,5,1015
768,16,10950,59,79660,86,5,4,5,1065
769,85,10500,60,79150,110,5,4,5,1075
770,81,8900,61,79000,110,3,4,5,1050
771,13,9500,57,78955,86,5,4,5,1045
772,246,10950,59,78750,90,5,4,5,1155
773,8,7950,68,78521,86,3,4,5,1015
774,8,7950,64,78356,86,3,4,5,1015
775,8,7950,65,78076,86,3,4,5,1015
776,88,9500,61,78063,107,5,4,5,1100
777,85,10950,67,77821,110,5,4,5,1075
778,93,9750,68,77695,110,4,4,5,1035
779,81,9750,65,77500,110,3,4,5,1050
780,79,9450,63,77457,110,3,4,5,1055
781,8,8950,68,77029,86,3,4,5,1015
782,17,8950,68,77008,86,3,4,5,1015
783,87,8900,66,76791,110,5,4,5,1070
784,15,9950,61,76700,86,5,4,5,1035
785,6,8750,67,76569,86,3,4,5,1020
786,85,8950,59,76162,110,5,4,5,1075
787,93,8990,65,76155,110,4,4,5,1035
788,8,8950,61,75609,86,3,4,5,1015
789,262,8950,62,75569,72,3,4,5,1120
790,76,9950,67,75429,110,3,4,6,1065
791,85,9900,68,75000,110,5,4,5,1075
792,28,8950,65,75000,86,3,4,5,1015
793,87,8950,62,75000,110,5,4,5,1070
794,80,9500,66,74963,107,3,4,5,1085
795,8,7950,68,74889,86,3,4,5,1015
796,162,7750,68,74875,110,5,4,5,1070
797,85,8950,63,74747,110,5,4,5,1075
798,128,11950,60,74720,110,5,4,5,1085
799,85,8950,62,74457,110,5,4,5,1075
800,15,11950,60,74337,86,5,4,5,1035
801,81,8950,68,74308,110,3,4,5,1050
802,178,9950,64,74193,110,3,4,5,1050
803,81,8250,65,74179,110,3,4,5,1050
804,24,8995,67,73936,86,5,4,5,1050
805,76,9995,61,73894,110,3,4,6,1065
806,81,9250,64,73500,110,3,4,5,1050
807,87,10950,64,73376,110,5,4,5,1070
808,3,8900,64,73300,86,3,4,5,1015
809,85,9500,58,73172,110,5,4,5,1075
810,85,9950,58,72928,110,5,4,5,1075
811,8,7950,67,72880,86,3,4,5,1015
812,81,8250,63,72522,110,3,4,5,1050
813,8,9450,64,72000,86,3,4,5,1015
814,28,7950,57,72000,86,3,4,5,1015
815,76,9500,59,71366,110,3,4,6,1065
816,81,8950,65,71317,110,3,4,5,1050
817,133,10950,62,71000,110,5,4,5,1070
818,81,8950,60,70954,110,3,4,5,1050
819,15,9450,63,70908,86,5,4,5,1035
820,83,8000,58,70560,110,3,4,5,1050
821,85,9900,67,70552,110,5,4,5,1075
822,139,8950,62,70500,110,5,4,5,1035
823,265,10900,60,70453,72,5,4,5,1135
824,83,9450,59,70218,110,3,4,5,1050
825,93,8450,64,70116,110,4,4,5,1035
826,85,9500,65,70068,110,5,4,5,1075
827,134,10500,67,70000,107,3,4,5,1065
828,11,6950,68,70000,86,3,4,5,1015
829,93,9750,68,69103,110,4,4,5,1035
830,15,6950,58,69022,86,5,4,5,1035
831,77,9650,67,69000,110,3,4,6,1065
832,77,9950,68,68865,110,3,4,6,1065
833,5,9250,58,68723,86,3,4,5,1025
834,87,8950,63,68453,110,5,4,5,1070
835,24,9900,63,68238,86,5,4,5,1050
836,128,10995,63,68153,110,5,4,5,1085
837,183,10500,65,68000,110,5,4,5,1075
838,8,8950,65,68000,86,3,4,5,1015
839,77,9750,67,67762,110,3,4,6,1065
840,85,10950,68,67146,110,5,4,5,1075
841,15,9750,67,67110,86,5,4,5,1035
842,76,9950,59,67010,110,3,4,6,1065
843,93,10500,65,67003,110,4,4,5,1035
844,9,10400,68,66785,86,3,4,5,1045
845,281,8800,68,66550,86,3,4,5,1010
846,76,10500,61,66259,110,3,4,6,1065
847,87,9250,62,66082,110,5,4,5,1070
848,10,7800,65,66000,86,3,4,5,1015
849,81,9950,61,66000,110,3,4,5,1050
850,77,10750,63,65896,110,3,4,6,1065
851,85,10950,67,65785,110,5,4,5,1075
852,92,9950,65,65513,110,4,4,5,1070
853,87,9950,59,65463,110,5,4,5,1070
854,21,8100,68,65400,86,4,4,5,1000
855,81,9250,60,65259,110,3,4,5,1050
856,81,7800,64,65000,110,3,4,5,1050
857,87,9000,68,65000,110,5,4,5,1070
858,93,8950,57,65000,110,4,4,5,1035
859,45,8950,62,64966,86,3,4,5,1020
860,85,9950,68,64950,110,5,4,5,1075
861,87,8500,60,64914,110,5,4,5,1070
862,85,7995,62,64797,110,5,4,5,1075
863,81,8750,65,64772,110,3,4,5,1050
864,6,9750,63,64690,86,3,4,5,1020
865,179,10950,65,64630,110,5,4,5,1070
866,128,9750,67,64613,110,5,4,5,1085
867,8,8200,60,64383,86,3,4,5,1015
868,287,8950,68,64000,110,5,4,5,1075
869,8,9500,66,63881,86,3,4,5,1015
870,265,10950,58,63870,72,5,4,5,1135
871,16,9750,66,63328,86,5,4,5,1065
872,16,9950,65,63000,86,5,4,5,1065
873,7,10450,61,63000,86,3,4,5,1050
874,81,9850,65,62396,110,3,4,5,1050
875,85,9450,62,62377,110,5,4,5,1075
876,81,10295,67,62316,110,3,4,5,1050
877,77,9750,68,62292,110,3,4,6,1065
878,220,8950,65,62225,110,3,4,5,1050
879,85,9900,68,62222,110,5,4,5,1075
880,15,8750,66,62135,86,5,4,5,1035
881,85,9950,58,62024,110,5,4,5,1075
882,8,8500,60,61977,86,3,4,5,1015
883,93,9950,62,61930,110,4,4,5,1035
884,81,10950,57,61682,110,3,4,5,1050
885,93,9795,68,61568,110,4,4,5,1035
886,175,8750,68,61504,110,4,4,5,1035
887,155,8250,65,61384,110,3,4,5,1050
888,85,9950,58,61343,110,5,4,5,1075
889,85,9950,62,61254,110,5,4,5,1075
890,81,10500,59,61166,110,3,4,5,1050
891,14,9750,62,61149,86,5,4,5,1040
892,126,11250,61,61144,110,5,4,5,1090
893,81,8900,59,61127,110,3,4,5,1050
894,8,7950,60,61100,86,3,4,5,1015
895,85,11500,68,61100,110,5,4,5,1075
896,81,9450,57,61000,110,3,4,5,1050
897,8,7995,65,60724,86,3,4,5,1015
898,13,10995,59,60708,86,5,4,5,1045
899,81,8950,61,60532,110,3,4,5,1050
900,22,8250,67,60000,86,4,4,5,1030
901,8,8950,66,60000,86,3,4,5,1015
902,8,8950,65,60000,86,3,4,5,1015
903,15,9500,62,59295,86,5,4,5,1035
904,8,7500,65,59264,86,3,4,5,1015
905,81,8950,63,59000,110,3,4,5,1050
906,283,9950,63,59000,86,5,4,5,1035
907,202,9750,65,59000,110,5,4,5,1075
908,87,9450,61,59000,110,5,4,5,1070
909,81,9950,65,59000,110,3,4,5,1050
910,79,9750,68,58860,110,3,4,5,1055
911,81,8950,65,58829,110,3,4,5,1050
912,87,8250,66,58654,110,5,4,5,1070
913,8,7750,65,58300,86,3,4,5,1015
914,81,8950,60,58269,110,3,4,5,1050
915,85,9950,64,58136,110,5,4,5,1075
916,80,9450,66,58113,107,3,4,5,1085
917,77,12950,67,58058,110,3,4,6,1065
918,83,9950,58,58000,110,3,4,5,1050
919,76,10495,62,58000,110,3,4,6,1065
920,15,7950,68,57565,86,5,4,5,1035
921,127,10500,63,57413,107,5,4,5,1115
922,85,8950,65,57374,110,5,4,5,1075
923,85,9900,62,57179,110,5,4,5,1075
924,76,9995,61,57169,110,3,4,6,1065
925,77,9950,63,57124,110,3,4,6,1065
926,81,9950,63,57000,110,3,4,5,1050
927,81,8250,67,57000,110,3,4,5,1050
928,15,9950,63,57000,86,5,4,5,1035
929,8,8950,59,56259,86,3,4,5,1015
930,82,10950,62,56209,107,3,4,5,1080
931,21,9250,67,56074,86,4,4,5,1000
932,87,9950,63,55942,110,5,4,5,1070
933,14,9995,57,55844,86,5,4,5,1045
934,6,8750,61,55747,86,3,4,5,1020
935,13,10950,58,55478,86,5,4,5,1045
936,86,10350,60,55085,107,5,4,5,1105
937,87,9950,65,55061,110,5,4,5,1070
938,32,8950,65,55000,86,3,4,5,1015
939,85,10950,57,55000,110,5,4,5,1075
940,85,10950,63,54936,110,5,4,5,1075
941,87,8950,68,54875,110,5,4,5,1070
942,81,8900,67,54847,110,3,4,5,1050
943,76,10250,60,54554,110,3,4,6,1065
944,181,9450,61,54125,110,5,4,5,1035
945,79,9250,61,54000,110,3,4,5,1055
946,159,10500,57,54000,110,5,4,5,1075
947,15,7350,58,54000,86,5,4,5,1035
948,280,10250,57,54000,110,3,4,5,1135
949,85,10250,62,53285,110,5,4,5,1075
950,85,11500,65,53053,110,5,4,5,1075
951,290,8950,68,53000,110,3,4,5,1075
952,8,7750,68,53000,86,3,4,5,1015
953,81,9500,64,52968,110,3,4,5,1050
954,10,8450,67,52800,86,3,4,5,1015
955,81,8950,57,52548,110,3,4,5,1050
956,93,8400,60,52487,110,4,4,5,1035
957,8,9250,66,52383,86,3,4,5,1015
958,207,8900,61,52112,110,4,4,5,1035
959,81,8750,58,51712,110,3,4,5,1050
960,171,10950,58,51421,110,5,4,3,1105
961,21,8950,61,51235,86,4,4,5,1000
962,46,8950,65,51000,86,3,4,5,1015
963,87,8895,61,50925,110,5,4,5,1070
964,0,9390,66,50806,86,3,4,5,1480
965,87,8750,59,50469,110,5,4,5,1070
966,85,9750,61,50173,110,5,4,5,1075
967,85,9950,62,50000,110,5,4,5,1075
968,76,10950,65,49942,110,3,4,6,1065
969,128,9900,67,49585,110,5,4,5,1085
970,93,9500,62,49258,110,4,4,5,1035
972,81,9950,61,49000,110,3,4,5,1050
973,166,9950,63,48738,110,5,4,5,1055
974,14,10500,62,47750,86,5,4,5,1040
975,8,9950,63,47612,86,3,4,5,1015
976,15,10495,68,47500,86,5,4,5,1035
977,177,9500,66,47237,110,3,4,5,1050
978,8,8500,58,47171,86,3,4,5,1015
979,93,10450,60,47060,110,4,4,5,1035
980,8,8950,65,47014,86,3,4,5,1015
981,5,9900,59,46929,86,3,4,5,1025
982,15,8900,63,46000,86,5,4,5,1035
983,81,8745,65,45681,110,3,4,5,1050
984,31,8750,65,45549,86,3,4,5,1015
985,148,10750,57,45000,110,5,4,5,1050
986,147,9750,57,45000,110,3,4,5,1050
987,85,8850,65,45000,110,5,4,5,1075
988,15,7950,66,45000,86,5,4,5,1035
989,181,9450,63,45000,110,4,4,5,1035
990,80,9950,61,45000,107,3,4,5,1085
991,93,8250,63,44944,110,4,4,5,1035
992,28,9950,61,44597,86,3,4,5,1015
993,8,9995,68,44458,86,3,4,5,1015
994,87,9950,59,43818,110,5,4,5,1070
995,87,10495,60,43426,110,5,4,5,1070
996,168,7950,58,43000,110,4,4,3,1114
997,184,8950,68,43000,110,5,4,5,1035
998,130,9695,57,43000,110,5,4,5,1075
999,8,7750,64,43000,86,3,4,5,1015
1000,81,9950,68,42750,110,3,4,5,1050
1001,85,9950,67,42102,110,5,4,5,1075
1002,164,9950,63,41586,110,5,4,5,1114
1003,141,9900,64,41200,110,5,4,5,1070
1004,5,10950,57,40214,86,3,4,5,1025
1005,21,8950,60,40000,86,4,4,5,1000
1006,9,8950,66,39222,86,3,4,5,1045
1007,81,8250,66,39144,110,3,4,5,1050
1008,85,10250,62,39000,110,5,4,5,1075
1009,87,8750,61,38019,110,5,4,5,1070
1010,87,9750,68,37759,110,5,4,5,1070
1011,128,10950,61,37500,110,5,4,5,1085
1012,81,10950,60,37111,110,3,4,5,1050
1013,8,9750,62,37000,86,3,4,5,1015
1014,81,8900,59,36954,110,3,4,5,1050
1015,87,9500,60,36943,110,5,4,5,1070
1016,24,9950,63,36923,86,5,4,5,1050
1017,81,9950,66,36658,110,3,4,5,1050
1018,8,8250,65,36000,86,3,4,5,1015
1019,76,10450,65,36000,110,3,4,6,1065
1020,77,10950,62,35512,110,3,4,6,1065
1021,10,9250,65,35283,86,3,4,5,1015
1022,81,8900,68,35000,110,3,4,5,1050
1023,13,10900,57,35000,86,5,4,5,1045
1024,81,9750,64,34114,110,3,4,5,1050
1025,85,11950,58,34000,110,5,4,5,1075
1026,21,7900,68,33847,86,4,4,5,1000
1027,186,10900,57,33535,110,4,4,5,1035
1028,81,10450,65,33000,110,3,4,5,1050
1029,128,10950,59,32150,110,5,4,5,1085
1030,8,9950,65,31588,86,3,4,5,1015
1031,77,10750,60,31480,110,3,4,6,1065
1032,87,9900,57,31307,110,5,4,5,1070
1033,93,10750,68,31000,110,4,4,5,1035
1034,85,10450,58,30634,110,5,4,5,1075
1035,39,9450,68,30300,86,4,4,5,1000
1036,9,10750,60,28500,86,3,4,5,1045
1037,85,10950,60,28500,110,5,4,5,1075
1038,8,10000,57,28000,86,3,4,5,1015
1039,79,10500,68,26698,110,3,4,5,1055
1040,80,12500,62,26000,107,3,4,5,1085
1041,15,8950,62,25505,86,5,4,5,1035
1042,182,10500,58,25000,110,5,4,5,1075
1043,81,9245,66,22835,110,3,4,5,1050
1044,85,10950,59,22705,110,5,4,5,1075
1045,8,9500,63,22178,86,3,4,5,1015
1046,83,10900,62,17345,110,3,4,5,1050
1047,22,10950,67,15535,86,4,4,5,1030
1048,15,9450,66,15110,86,5,4,5,1035
1049,267,5900,73,232940,72,5,4,5,1172
1050,268,6950,79,218118,72,5,4,5,1150
1051,265,6000,78,217764,72,5,4,5,1135
1052,160,5250,79,207114,110,5,4,5,1114
1053,275,4400,74,203254,72,3,4,5,1135
1054,266,6750,77,200732,72,4,4,5,1100
1055,265,8500,69,197501,72,5,4,5,1135
1056,262,6150,80,194765,72,3,4,5,1120
1057,268,6950,76,191620,72,5,4,5,1150
1058,263,5750,76,183277,72,3,4,5,1115
1059,266,8750,78,180378,72,4,4,5,1100
1060,263,6500,70,178800,72,3,4,5,1115
1061,85,5950,73,176177,110,5,4,5,1075
1062,15,6500,78,176000,86,5,4,5,1035
1063,272,10500,77,172980,72,5,4,5,1135
1064,266,8500,77,170000,72,4,4,5,1100
1065,153,7950,71,164000,110,3,4,5,1050
1066,8,5800,78,161775,86,3,4,5,1015
1067,8,6750,80,160000,86,3,4,5,1015
1068,263,6950,78,159968,72,3,4,5,1115
1069,81,5740,74,159908,110,3,4,5,1050
1070,8,6550,73,158492,86,3,4,5,1015
1071,263,8950,69,156204,72,3,4,5,1115
1072,15,6750,73,156169,86,5,4,5,1035
1073,140,7950,78,155210,110,3,4,5,1050
1074,263,7950,69,155000,72,3,4,5,1115
1075,264,7450,76,154900,72,5,4,5,1140
1076,268,7750,70,151300,72,5,4,5,1150
1077,135,6450,71,151000,110,5,4,5,1094
1078,276,7900,75,150000,72,3,4,5,1135
1079,263,6900,69,146304,72,3,4,5,1115
1080,8,5600,75,146197,86,3,4,5,1015
1081,93,5950,77,145996,110,4,4,5,1035
1082,9,6950,80,143560,86,3,4,5,1045
1083,261,7950,71,139145,73,2,4,5,1115
1084,24,8950,79,138500,86,5,4,5,1050
1085,245,7950,74,137741,90,5,4,5,1135
1086,245,9500,80,137178,90,5,4,5,1135
1087,263,8600,76,134889,72,3,4,5,1115
1088,272,5950,71,134660,72,5,4,5,1135
1089,87,7750,73,134539,110,5,4,5,1070
1091,264,7950,79,131500,72,5,4,5,1140
1092,81,6950,77,131307,110,3,4,5,1050
1093,81,7250,74,130025,110,3,4,5,1050
1094,34,6500,78,130000,86,5,4,5,1015
1095,87,7250,77,128960,110,5,4,5,1070
1096,87,9250,80,128351,110,5,4,5,1070
1097,83,8250,73,128006,110,3,4,5,1050
1098,263,7250,71,127159,72,3,4,5,1115
1099,93,5250,72,126478,110,4,4,5,1035
1100,157,7900,77,126000,110,5,4,5,1050
1101,81,6900,76,125778,110,3,4,5,1050
1102,221,7900,75,125400,110,3,4,5,1050
1103,265,7250,74,124910,72,5,4,5,1135
1104,83,8450,70,124743,110,3,4,5,1050
1105,85,7950,76,124591,110,5,4,5,1075
1106,81,7950,74,124057,110,3,4,5,1050
1107,81,6450,72,123403,110,3,4,5,1050
1108,87,6650,75,123104,110,5,4,5,1070
1109,8,7950,74,123077,86,3,4,5,1015
1110,14,7250,80,122820,86,5,4,5,1040
1111,81,7450,77,122290,110,3,4,5,1050
1112,93,7950,74,121900,110,4,4,5,1035
1113,87,7250,77,121545,110,5,4,5,1070
1114,263,8250,71,120474,72,3,4,5,1115
1115,270,8950,76,120263,72,5,4,5,1135
1116,81,7750,74,120196,110,3,4,5,1050
1117,128,8500,71,120000,110,5,4,5,1085
1118,85,7750,78,120000,110,5,4,5,1075
1119,93,5750,73,115877,110,4,4,5,1035
1120,87,6900,76,115345,110,5,4,5,1070
1121,149,6500,71,115157,110,3,4,5,1050
1122,88,6500,78,115000,107,5,4,5,1100
1123,24,7600,77,114258,86,5,4,5,1050
1124,265,8950,73,112963,72,5,4,5,1135
1125,87,7450,74,112307,110,5,4,5,1070
1126,10,7350,72,112000,86,3,4,5,1015
1127,10,7750,73,111602,86,3,4,5,1015
1128,173,7460,80,111392,110,3,4,5,1083
1129,128,9250,76,110901,110,5,4,5,1085
1130,79,7250,80,110887,110,3,4,5,1055
1131,10,6500,72,110634,86,3,4,5,1015
1132,93,6800,80,110000,110,4,4,5,1035
1133,128,8700,75,109540,110,5,4,5,1085
1134,87,7500,78,109263,110,5,4,5,1070
1135,81,7750,71,107516,110,3,4,5,1050
1136,83,7950,73,107108,110,3,4,5,1050
1137,81,9950,75,107000,110,3,4,5,1050
1138,87,6640,74,106250,110,5,4,5,1070
1139,28,8750,71,106150,86,3,4,5,1015
1140,83,7750,72,106108,110,3,4,5,1050
1141,8,5950,72,105856,86,3,4,5,1015
1142,8,6750,77,105152,86,3,4,5,1015
1143,81,6500,80,105135,110,3,4,5,1050
1144,140,8750,76,104344,110,3,4,5,1050
1145,83,7950,74,104150,110,3,4,5,1050
1146,4,6750,74,104000,86,3,4,5,1010
1147,15,7950,73,103121,86,5,4,5,1035
1148,37,7950,80,102300,86,3,4,5,1015
1149,86,8950,75,102005,107,5,4,5,1105
1150,8,7750,77,102000,86,3,4,5,1015
1151,87,6450,75,101855,110,5,4,5,1070
1152,81,6900,74,101773,110,3,4,5,1050
1153,128,8450,75,101159,110,5,4,5,1085
1154,28,6750,74,101000,86,3,4,5,1015
1155,22,8050,74,100732,86,4,4,5,1030
1156,87,9500,79,100719,110,5,4,5,1070
1157,93,7750,78,100487,110,4,4,5,1035
1158,128,8500,80,100458,110,5,4,5,1085
1159,81,7795,75,100192,110,3,4,5,1050
1160,81,6490,80,100123,110,3,4,5,1050
1161,83,7950,73,99971,110,3,4,5,1050
1162,15,6425,79,99397,86,5,4,5,1035
1163,15,8950,69,99374,86,5,4,5,1035
1164,162,6950,72,99245,110,5,4,5,1114
1165,128,8750,79,98742,110,5,4,5,1085
1166,90,8450,71,98154,110,3,4,5,1050
1167,133,7950,77,98000,110,5,4,5,1065
1168,15,7950,80,97548,86,5,4,5,1035
1169,165,8900,78,97534,110,5,4,5,1070
1170,128,8950,73,97494,110,5,4,5,1085
1171,128,8900,73,97085,110,5,4,5,1085
1172,181,7950,69,97000,110,4,4,5,1035
1173,8,6495,74,96302,86,3,4,5,1015
1174,8,7250,78,96000,86,3,4,5,1015
1175,128,9250,74,96000,110,5,4,5,1085
1176,87,6650,78,95909,110,5,4,5,1070
1177,191,6990,79,95700,110,5,4,5,1085
1178,87,7750,78,95651,110,5,4,5,1070
1179,15,6950,79,95000,86,5,4,5,1035
1180,81,7250,80,94447,110,3,4,5,1050
1181,128,9950,80,94079,110,5,4,5,1085
1182,175,9250,80,93841,110,5,4,5,1070
1183,15,7200,79,93090,86,5,4,5,1035
1184,85,8250,72,93066,110,5,4,5,1075
1185,78,8950,79,93039,110,3,4,5,1050
1186,85,8250,77,93000,110,5,4,5,1075
1187,8,6250,80,92830,86,3,4,5,1015
1189,86,9900,80,92255,107,5,4,5,1105
1190,15,7300,80,92096,86,5,4,5,1035
1191,36,8950,72,91921,86,3,4,5,1020
1192,10,6500,70,91900,86,3,4,5,1015
1193,87,7950,78,91399,110,5,4,5,1070
1194,81,7450,75,91082,110,3,4,5,1050
1195,15,7950,71,90370,86,5,4,5,1035
1196,48,8500,78,90345,86,5,4,5,1035
1197,8,6950,77,90305,86,3,4,5,1015
1198,9,7950,78,90011,86,3,4,5,1045
1199,8,6750,77,90000,86,3,4,5,1015
1200,79,8450,70,89983,110,3,4,5,1055
1201,163,7500,78,89953,110,5,4,5,1114
1202,263,8750,74,89800,72,3,4,5,1115
1203,15,8750,79,89739,86,5,4,5,1035
1204,81,8950,76,89520,110,3,4,5,1050
1205,8,7450,75,89507,86,3,4,5,1015
1206,128,9200,69,89096,110,5,4,5,1085
1207,81,8950,74,88700,110,3,4,5,1050
1208,85,7850,72,88500,110,5,4,5,1075
1209,263,6950,73,88186,72,3,4,5,1115
1210,83,7200,75,88000,110,3,4,5,1050
1211,79,7450,78,87743,110,3,4,5,1055
1212,8,6750,75,87613,86,3,4,5,1015
1213,81,7500,73,87358,110,3,4,5,1050
1214,93,7450,72,87083,110,4,4,5,1035
1215,93,7950,70,87000,110,4,4,5,1035
1216,93,7250,78,87000,110,4,4,5,1035
1217,26,7950,73,87000,86,3,4,5,1015
1218,8,8250,80,87000,86,3,4,5,1015
1219,85,8250,72,86860,110,5,4,5,1075
1220,79,6750,80,86109,110,3,4,5,1055
1221,12,8750,79,86000,86,5,4,5,1040
1222,150,8950,80,86000,110,3,4,5,1050
1223,265,8500,70,85864,72,5,4,5,1135
1224,87,8250,80,85565,110,5,4,5,1070
1225,82,9450,70,85470,107,3,4,5,1080
1226,81,7950,73,85200,110,3,4,5,1050
1227,79,7900,70,85000,110,3,4,5,1055
1228,81,8500,73,84988,110,3,4,5,1050
1229,87,8250,79,84966,110,5,4,5,1070
1230,87,8250,76,84472,110,5,4,5,1070
1231,93,8950,73,84402,110,4,4,5,1035
1232,81,7950,74,84123,110,3,4,5,1050
1233,85,6950,80,84000,110,5,4,5,1075
1234,133,7250,78,84000,110,5,4,5,1065
1235,128,7750,77,84000,110,5,4,5,1085
1236,79,8700,75,83850,110,3,4,5,1055
1237,288,8950,80,83540,110,5,4,5,1070
1238,87,6750,76,83405,110,5,4,5,1070
1239,87,7500,71,83291,110,5,4,5,1070
1240,8,7950,69,83133,86,3,4,5,1015
1241,9,8950,71,83047,86,3,4,5,1045
1242,81,7950,71,82700,110,3,4,5,1050
1243,8,7450,78,82675,86,3,4,5,1015
1244,28,5950,78,82595,86,3,4,5,1015
1245,81,7750,75,82256,110,3,4,5,1050
1246,8,6950,77,82103,86,3,4,5,1015
1247,15,8750,80,82021,86,5,4,5,1035
1248,170,8950,71,82000,110,5,4,5,1075
1249,87,7495,79,81988,110,5,4,5,1070
1250,87,7750,76,81930,110,5,4,5,1070
1251,203,6950,70,81663,110,3,4,5,1050
1252,87,7990,77,80486,110,5,4,5,1070
1253,135,7250,78,80000,110,4,4,5,1065
1254,8,6900,69,79000,86,3,4,5,1015
1255,87,7750,74,78894,110,5,4,5,1070
1256,93,7250,78,78689,110,4,4,5,1035
1257,8,8950,77,78435,86,3,4,5,1015
1258,178,8500,71,78260,110,3,4,5,1050
1259,85,7950,72,78120,110,5,4,5,1075
1260,28,6950,77,77000,86,3,4,5,1015
1261,78,8000,78,77000,110,3,4,5,1050
1262,79,7950,75,76382,110,3,4,5,1055
1263,8,8500,76,76268,86,3,4,5,1015
1264,8,7490,73,76151,86,3,4,5,1015
1265,78,8250,80,76000,110,3,4,5,1050
1266,87,9250,71,76000,110,5,4,5,1070
1267,15,7950,72,75840,86,5,4,5,1035
1268,153,9500,77,75799,110,3,4,5,1050
1269,176,8950,72,75525,110,3,4,5,1114
1270,43,8450,78,75323,86,5,4,5,1050
1271,209,7995,79,75322,110,4,4,5,1115
1272,180,8750,78,75226,110,4,4,5,1035
1273,15,5950,71,75085,86,5,4,5,1035
1274,85,8500,73,75000,110,5,4,5,1075
1275,18,8950,69,75000,86,4,4,5,1000
1276,21,8750,69,75000,86,4,4,5,1000
1277,286,7600,78,74926,110,5,4,5,1075
1278,87,7145,80,74785,110,5,4,5,1070
1279,128,8450,69,74573,110,5,4,5,1085
1280,47,5950,75,74567,86,3,4,5,1015
1281,85,9000,80,74196,110,5,4,5,1075
1282,81,7250,80,74151,110,3,4,5,1050
1283,83,7400,75,74096,110,3,4,5,1050
1284,85,8800,79,74093,110,5,4,5,1075
1285,81,7750,71,74000,110,3,4,5,1050
1286,8,7500,75,74000,86,3,4,5,1015
1287,44,8450,78,73638,86,4,4,5,1015
1288,87,7400,75,73460,110,5,4,5,1070
1289,87,7500,80,73200,110,5,4,5,1070
1290,85,8950,76,73116,110,5,4,5,1075
1291,85,8950,70,73014,110,5,4,5,1075
1292,81,7950,77,72703,110,3,4,5,1050
1293,85,7950,79,72328,110,5,4,5,1075
1294,87,7950,78,72222,110,5,4,5,1070
1295,88,8950,71,72128,107,5,4,5,1100
1296,87,7750,78,72090,110,5,4,5,1070
1297,93,8250,78,72000,110,4,4,5,1035
1298,79,7950,78,72000,110,3,4,5,1055
1299,8,7750,77,71900,86,3,4,5,1015
1300,85,8500,77,71825,110,5,4,5,1075
1301,190,6950,80,71740,110,5,4,5,1070
1302,93,7500,80,71500,110,4,4,5,1035
1303,81,7750,79,71359,110,3,4,5,1050
1304,25,5950,79,71263,86,3,4,5,1015
1305,81,7500,78,71186,110,3,4,5,1050
1306,40,8950,72,71054,86,3,4,5,1045
1307,203,7950,76,71000,110,3,4,5,1050
1308,206,6900,80,70939,110,5,4,5,1100
1309,81,7450,77,70932,110,3,4,5,1050
1310,82,8500,80,70597,107,3,4,5,1080
1311,205,7500,73,70482,110,5,4,5,1075
1312,81,8750,77,70124,110,3,4,5,1050
1313,81,7500,76,70039,110,3,4,5,1050
1314,87,9950,80,69904,110,5,4,5,1070
1315,31,7950,75,69388,86,3,4,5,1010
1316,87,9950,75,69320,110,5,4,5,1070
1317,85,9250,78,69000,110,5,4,5,1075
1318,15,9250,73,68988,86,5,4,5,1035
1319,128,9950,79,68945,110,5,4,5,1085
1320,81,5950,74,68285,110,3,4,5,1050
1321,89,7995,76,68000,110,5,4,5,1075
1322,9,8950,70,68000,86,3,4,5,1045
1323,21,7450,75,67451,86,4,4,5,1000
1324,15,8250,76,67266,86,5,4,5,1035
1325,128,8500,78,67255,110,5,4,5,1085
1326,85,8500,70,67100,110,5,4,5,1075
1327,263,9400,69,67092,72,3,4,5,1115
1328,79,7250,80,66880,110,3,4,5,1055
1329,85,8950,79,66855,110,5,4,5,1075
1330,85,9450,80,66843,110,5,4,5,1075
1331,216,8500,74,66718,110,3,4,5,1050
1332,8,6750,80,66168,86,3,4,5,1015
1333,87,7400,80,65950,110,5,4,5,1070
1334,8,8950,78,65500,86,3,4,5,1015
1335,79,6900,80,65307,110,3,4,5,1055
1336,8,7750,79,65254,86,3,4,5,1015
1337,263,8950,71,65021,72,3,4,5,1115
1338,8,6950,75,65006,86,3,4,5,1015
1339,93,8495,77,64280,110,4,4,5,1035
1340,80,10000,75,64000,107,3,4,5,1085
1341,87,6999,71,64000,110,5,4,5,1070
1342,79,8950,80,64000,110,3,4,5,1055
1343,181,8500,79,63918,110,4,4,5,1035
1344,93,8750,75,63634,110,4,4,5,1035
1345,282,7499,80,63500,110,3,4,5,1050
1346,93,9000,80,63266,110,4,4,5,1035
1347,81,8950,77,62595,110,3,4,5,1050
1348,85,6950,80,62581,110,5,4,5,1075
1349,85,8500,77,62285,110,5,4,5,1075
1350,16,8450,77,61906,86,5,4,5,1065
1351,87,8950,74,61700,110,5,4,5,1070
1352,87,8250,77,61648,110,5,4,5,1070
1353,20,7950,75,61626,86,5,4,5,1035
1354,93,7450,70,61510,110,4,4,5,1035
1355,82,9000,79,61165,107,3,4,5,1080
1356,93,7150,70,61000,110,4,4,5,1035
1357,93,7750,76,60833,110,4,4,5,1035
1358,33,5845,70,60600,86,3,4,5,1060
1359,85,8500,72,60483,110,5,4,5,1075
1360,162,8250,80,60476,110,5,4,5,1114
1361,174,9450,79,60142,110,3,4,5,1050
1362,81,6750,69,60050,110,3,4,5,1050
1363,81,8400,77,60000,110,3,4,5,1050
1364,81,7900,76,60000,110,3,4,5,1050
1365,84,7950,76,59815,110,3,4,5,1055
1366,128,8750,80,59326,110,5,4,5,1085
1367,81,9900,73,59240,110,3,4,5,1050
1368,93,6495,71,59164,110,4,4,5,1035
1369,82,8250,70,59017,107,3,4,5,1080
1370,81,6900,69,58952,110,3,4,5,1050
1371,8,7500,74,58454,86,3,4,5,1015
1372,22,7950,75,58341,86,4,4,5,1030
1373,289,8250,80,58267,110,5,4,5,1070
1374,200,8950,80,58000,110,3,4,5,1055
1375,150,9750,70,57829,110,3,4,5,1050
1376,8,8250,80,57787,86,3,4,5,1015
1377,85,8900,78,57628,110,5,4,5,1075
1378,24,8950,75,57537,86,5,4,5,1050
1379,81,6750,76,57263,110,3,4,5,1050
1380,87,7950,75,57144,110,5,4,5,1070
1381,5,8600,69,57096,86,3,4,5,1025
1382,21,7750,80,57000,86,4,4,5,1000
1383,83,7800,73,56566,110,3,4,5,1050
1384,81,8750,73,56307,110,3,4,5,1050
1385,19,9500,79,56214,86,3,4,5,1015
1386,93,7750,74,56132,110,4,4,5,1035
1387,85,9950,79,55425,110,5,4,5,1075
1388,8,7750,77,54439,86,3,4,5,1015
1389,81,5950,69,53809,110,3,4,5,1050
1390,87,10950,76,53133,110,5,4,5,1070
1391,186,9450,77,52900,110,4,4,5,1075
1392,81,8250,80,52700,110,3,4,5,1050
1393,87,9750,69,52320,110,5,4,5,1070
1394,163,7450,78,52287,110,5,4,5,1114
1395,166,8750,75,52000,110,5,4,5,1075
1396,81,8750,69,52000,110,3,4,5,1050
1397,94,8500,73,52000,110,4,4,5,1065
1398,21,8950,70,51874,86,4,4,5,1000
1399,15,7500,79,49827,86,5,4,5,1035
1400,93,7250,69,49640,110,4,4,5,1035
1401,93,7450,80,49580,110,4,4,5,1035
1402,30,8750,76,49170,86,3,4,5,1045
1403,79,9800,77,48838,110,3,4,5,1055
1404,8,7500,71,48576,86,3,4,5,1015
1405,85,8950,75,48400,110,5,4,5,1075
1406,284,8950,74,48242,86,5,4,5,1035
1407,289,7450,70,47955,110,5,4,5,1070
1408,162,8950,71,47633,110,5,4,5,1075
1409,14,10500,78,47400,86,5,4,5,1040
1410,4,7000,73,47360,86,3,4,5,1010
1411,81,8500,77,45507,110,3,4,5,1050
1412,15,7750,76,45410,86,5,4,5,1035
1413,81,8950,70,44850,110,3,4,5,1050
1414,146,8250,69,44826,110,5,4,5,1075
1415,78,9250,80,44444,110,3,4,5,1050
1416,87,7900,75,43720,110,5,4,5,1070
1417,21,8500,78,43622,86,4,4,5,1000
1418,87,7950,76,43532,110,5,4,5,1070
1419,81,9950,69,42800,110,3,4,5,1050
1420,88,8750,74,42317,107,5,4,5,1100
1421,81,7500,80,42186,110,3,4,5,1050
1422,81,6950,72,42000,110,3,4,5,1050
1423,161,8950,79,40093,110,5,4,5,1114
1424,82,8750,79,39800,107,3,4,5,1080
1425,8,7750,73,39168,86,3,4,5,1015
1426,81,8450,75,38945,110,3,4,5,1050
1427,187,8150,76,36537,110,4,4,5,1075
1428,9,8500,78,36000,86,3,4,5,1045
1429,81,7600,78,36000,110,3,4,5,1050
1430,29,7950,80,35821,86,3,4,5,1015
1431,26,7750,73,34717,86,3,4,5,1015
1432,41,7950,80,34000,86,4,4,5,1000
1433,167,9950,78,30964,110,3,4,4,1080
1434,9,8950,71,29000,86,3,4,5,1045
1435,8,8450,72,26000,86,3,4,5,1015
1436,38,8950,78,24000,86,5,4,5,1065
1437,8,8450,80,23000,86,3,4,5,1015
1438,5,7500,69,20544,86,3,4,5,1025
1439,8,10845,72,19000,86,3,4,5,1015
1440,8,8500,71,17016,86,3,4,5,1015
1441,8,7250,70,16916,86,3,4,5,1015
1442,163,6950,76,1,110,5,4,5,1114
